year,avg_popularity,top_track_of_year,top_artist_of_year
1954,69,Unforgettable,Nat King Cole
1957,80,Jingle Bell Rock,Bobby Helms
1962,75,Stand By Me,Ben E. King
1964,83,Rockin' Around The Christmas Tree,Brenda Lee
1965,76,(I Can't Get No) Satisfaction - Mono Version,The Rolling Stones
1966,78.5,"Paint It, Black",The Rolling Stones
1967,72,Break on Through (To the Other Side),The Doors
1968,72,All Along the Watchtower,Jimi Hendrix
1969,73.5,Come Together - Remastered 2009,The Beatles
1970,79.5,Have You Ever Seen The Rain,Creedence Clearwater Revival
1971,71,American Pie,Don McLean
1972,73.71,"Rocket Man (I Think It's Going To Be A Long, Long Time)",Elton John
1973,71.75,Free Bird,Lynyrd Skynyrd
1974,78,Sweet Home Alabama,Lynyrd Skynyrd
1975,74.4,Don't Go Breaking My Heart,"Elton John, Kiki Dee"
1976,73.5,Dancing Queen,ABBA
1977,75.73,Dreams - 2004 Remaster,Fleetwood Mac
1978,71.17,Roxanne,The Police
1979,74.44,Highway to Hell,AC/DC
1980,75.75,Back In Black,AC/DC
1981,75.36,Tainted Love,Soft Cell
1982,75.36,Africa,TOTO
1983,72.8,Sweet Dreams (Are Made of This) - 2005 Remaster,"Eurythmics, Annie Lennox, Dave Stewart"
1984,73.94,Dancing In the Dark,Bruce Springsteen
1985,74.89,Everybody Wants To Rule The World,Tears For Fears
1986,74.5,Livin' On A Prayer,Bon Jovi
1987,74.88,Sweet Child O' Mine,Guns N' Roses
1988,70.88,Where Is My Mind? - 2007 Remaster,Pixies
1989,73.5,Another Day in Paradise - 2016 Remaster,Phil Collins
1990,57.71,Thunderstruck,AC/DC
1991,58.55,Under the Bridge,Red Hot Chili Peppers
1992,58.24,It Was A Good Day,Ice Cube
1993,58,Creep,Radiohead
1994,61.6,All I Want for Christmas Is You,Mariah Carey
1995,61.79,1979 - Remastered 2012,The Smashing Pumpkins
1996,53.77,Wannabe,Spice Girls
1997,64.26,Everlong,Foo Fighters
1998,64,Iris,The Goo Goo Dolls
1999,62.55,Scar Tissue,Red Hot Chili Peppers
2000,60.9,Yellow,Coldplay
2001,62.64,Chop Suey!,System Of A Down
2002,59.67,Without Me,Eminem
2003,57.22,Bring Me To Life,Evanescence
2004,58.72,Yeah! (feat. Lil Jon & Ludacris),"USHER, Lil Jon, Ludacris"
2005,57.56,Feel Good Inc.,Gorillaz
2006,55.51,SexyBack (feat. Timbaland),"Justin Timberlake, Timbaland"
2007,61.88,505,Arctic Monkeys
2008,63.03,Poker Face,Lady Gaga
2009,60.79,I Gotta Feeling,Black Eyed Peas
2010,57.75,Sure Thing,Miguel
2011,50.86,Give Me Everything (feat. Nayer),"Pitbull, AFROJACK, Ne-Yo, Nayer"
2012,59.21,Locked out of Heaven,Bruno Mars
2013,57.37,Sweater Weather,The Neighbourhood
2014,62.07,Night Changes,One Direction
2015,58.64,The Night We Met,Lord Huron
2016,52.04,That's What I Like,Bruno Mars
2017,54.65,See You Again (feat. Kali Uchis),"Tyler, The Creator, Kali Uchis"
2018,57.51,lovely (with Khalid),"Billie Eilish, Khalid"
2019,50.32,Lover,Taylor Swift
2020,48.12,cardigan,Taylor Swift
2021,47.63,Ghost,Justin Bieber
2022,52.39,End of Beginning,Djo
2023,50.71,Lose Control,Teddy Swims
2024,54.71,Die With A Smile,"Lady Gaga, Bruno Mars"