year,track_name,popularity
1954,Unforgettable,69
1957,Jingle Bell Rock,80
1962,Stand By Me,75
1964,Rockin' Around The Christmas Tree,83
1965,(I Can't Get No) Satisfaction - Mono Version,76
1966,"Paint It, Black",81
1967,Break on Through (To the Other Side),72
1968,All Along the Watchtower,72
1969,Come Together - Remastered 2009,75
1970,Have You Ever Seen The Rain,84
1971,American Pie,74
1972,"Rocket Man (I Think It's Going To Be A Long, Long Time)",79
1973,Free Bird,75
1974,Sweet Home Alabama,78
1975,Don't Go Breaking My Heart,78
1976,Dancing Queen,82
1977,Dreams - 2004 Remaster,84
1978,Roxanne,77
1979,Highway to Hell,84
1980,Back In Black,83
1981,Tainted Love,79
1982,Africa,83
1983,Sweet Dreams (Are Made of This) - 2005 Remaster,83
1984,Dancing In the Dark,82
1985,Everybody Wants To Rule The World,85
1986,Livin' On A Prayer,83
1987,Sweet Child O' Mine,84
1988,Where Is My Mind? - 2007 Remaster,76
1989,Another Day in Paradise - 2016 Remaster,77
1990,Thunderstruck,83
1991,Under the Bridge,82
1992,It Was A Good Day,78
1993,Creep,86
1994,All I Want for Christmas Is You,87
1995,1979 - Remastered 2012,77
1996,Wannabe,79
1997,Everlong,81
1998,Iris,87
1999,Scar Tissue,82
2000,Yellow,89
2001,Chop Suey!,83
2002,Without Me,86
2003,Bring Me To Life,83
2004,Yeah! (feat. Lil Jon & Ludacris),84
2005,Feel Good Inc.,84
2006,SexyBack (feat. Timbaland),80
2007,505,84
2008,Poker Face,81
2009,I Gotta Feeling,80
2010,Sure Thing,85
2011,Give Me Everything (feat. Nayer),84
2012,Locked out of Heaven,89
2013,Sweater Weather,90
2014,Night Changes,89
2015,The Night We Met,88
2016,That's What I Like,88
2017,See You Again (feat. Kali Uchis),90
2018,lovely (with Khalid),86
2019,Lover,84
2020,cardigan,83
2021,Ghost,83
2022,End of Beginning,89
2023,Lose Control,89
2024,Die With A Smile,100